id,date,time
shailja_2016192,2020-04-12,07:01:35.01
Avdesh_2015182,2020-04-10,08:01:35.01
rajan_2015161,2020-04-11,"07:01:34.41
"
mannika_2016161,2020-04-12,21:01:35.01
Avdesh_2015182,2020-04-10,07:12:35.01
sx56,2020-04-11,07:12:35.01
Avdesh_2015182,2020-04-12,07:12:35.01
Avdesh_2015182,2020-04-13,07:12:35.01
hey123,2020-04-12,07:01:35.01
hey123,2020-04-18,08:01:35.01
hey123,2020-04-19,"07:01:34.41
"
qwe123,2020-05-12,21:01:35.01
rat456,2020-05-10,07:12:35.01
rty678,2020-05-11,07:12:35.01
yu67,2020-05-12,07:12:35.01
rat456,2020-05-13,07:12:35.01
rty678,2020-06-01,21:01:35.01
qwe123,2020-06-10,07:12:35.01
ui56,2020-06-11,07:12:35.01
ta78,2020-06-12,07:12:35.01
hey123,2020-06-13,07:12:35.01
rat456,2020-07-01,21:01:35.01
rty678,2020-07-10,07:12:35.01
qwe123,2020-07-11,07:12:35.01
shailja_2016192,2020-07-12,07:12:35.01
"lol12
",2020-07-13,07:12:35.01
rajan_2015161,2020-08-10,07:12:35.01
btp34,2020-08-12,07:12:35.01
qwe123,2020-08-13,07:12:35.01
a1,2020-07-01,21:01:35.01
b1,2020-07-10,07:12:35.01
c1,2020-07-11,07:12:35.01
d1,2020-07-12,07:12:35.01
e1,2020-07-13,07:12:35.01
f1,2020-08-10,07:12:35.01
g1,2020-08-11,07:12:35.01
h1,2020-08-12,07:12:35.01
i1,2020-08-13,07:12:35.01
j1,2020-08-13,07:12:35.01
mannika_2016161,2020-04-12,22:01:35.01
mannika_2016161,2020-04-12,23:01:35.01
mannika_2016161,2020-05-12,11:01:35.01
mannika_2016161,2020-05-12,12:01:35.01
mannika_2016161,2020-05-12,22:01:35.01
mannika_2016161,2020-05-12,23:01:35.01
mannika_2016161,2020-08-11,07:12:35.01
